{"5": [0.0888043508282945, 0.0888043508282945, 0.0888043508282945, 0.0888043508282945, 0.26654235888347566, 0.09586735488136941, 0.1553442202145983, 0.053804908301198356, 0.47805087547227265, 0.21624721864115024, 0.06050945429242065, 0.10876779021620075, 0.04283879741678533, 0.15099030292996424, 0.09511879712598274, 0.1232655956766226, 0.23589375092707157, 0.7556663636107147, 0.10209618176348814, 0.5564199388101801], "6": [0.11560042081388676, 0.11560042081388676, 0.11560042081388676, 0.11560042081388676, 0.2975734549895184, 0.024629675310172173, 0.22397744198515543, 0.7434847254068392, 0.6277695999887787, 0.3749525715226882, 0.03615176312592911, 0.3068781427886595, 0.046301916677583745, 0.10787220730176443, 0.16579958709303833, 0.06458504821386836, 1.0059981270818315, 0.5266449432160111, 0.18196564980024157, 0.24240529522632598], "7": [0.09247909613598557, 0.09247909613598557, 0.29735658894793493, 0.07461880045832697, 0.056800420316953044, 0.2758599433006923, 0.9714586811473304, 0.3898234056028065, 0.0371927368819996, 0.1009061357901644], "8": [0.14182686230688638, 0.14182686230688638, 0.20791433777869833, 0.06700372478451266, 0.5667991484745809, 0.09248877740763396, 0.14220430500989137, 0.36316920233839695, 0.10653996373192441, 0.2381333155113419], "9": [0.07830379658487624, 0.07830379658487624, 0.7902600085212181, 0.4413224003151461, 0.1391127796168389, 0.5745168463445587, 1.2694285819028628, 0.05853950547429485, 0.12805468426246183, 0.8855752494335793], "10": [0.18255445906727574, 0.18255445906727574, 0.1581578995633245, 0.056598220648572097, 0.6729734492030331, 0.3835037392771188, 0.23777080336653922, 0.9494978197059615, 0.5348587503248255, 0.3821203568338942], "11": [0.3891918426491523, 0.3891918426491523, 1.0532068941619812, 0.5660944654757111, 0.30081471225559686, 1.2594001621568867, 0.5342980152060168, 0.0908146757291584, 1.2567916199542974, 0.6327132179805823], "13": [0.9469034403184473, 0.9469034403184473, 0.13542488342735368, 0.41180264497209523, 1.5767245894711224, 1.0961720634964482, 0.36320388328414965, 0.2775658762215834, 0.965910412589615, 0.5213403568897089], "14": [1.2890876710410881, 1.2890876710410881, 0.2880442071203948, 5.2501160815388035, 0.3682612125040487, 1.1104600232772703, 0.3800753573794604, 1.604026629493526, 1.849768056751551, 0.18664270118113144], "16": [0.4733073263706003, 0.4733073263706003, 1.3400142432650577, 0.6747167285928499, 0.3736517622175441, 0.5781031138423224, 0.5726169285200526, 0.33346501896955083, 1.0871964813636965, 5.260535544587935], "18": [2.019427508849356, 2.019427508849356, 1.9454805536624031, 0.5984997603587588, 0.8116375808344469, 2.2371902499499066, 1.5745796726205719, 0.8543480186965309, 0.3171469378679214, 0.5815306284591005], "20": [6.08381500360196, 6.08381500360196, 0.33832620902315824, 0.6050583662143805, 2.3780583196695573, 0.853897639853032, 1.793512029574588, 3.8251836077660255, 3.871391783756114, 2.533742290626065], "22": [6.889273176414563, 6.889273176414563, 1.145962674557547, 9.310009272739846, 1.189412774905023, 1.700842144755573, 1.1099006244599914, 8.92903664143877, 0.8806856359723412, 1.3672661901823648], "25": [1.4555091394724622, 1.4555091394724622, 0.9238362951080693, 0.6360267930987262, 0.7346572936984771, 10.20963367127894, 1.3494265427919498, 0.7708459843214946, 1.2459301636691678, 1.0201564531472496], "28": [1.2268348368898416, 1.2268348368898416, 5.521877251730623, 7.158031667829784, 0.5666832641671892, 0.6551044984597917, 1.093347846818766, 6.351343859141767, 3.4945270386743474, 1.7659693931337563], "31": [1.986793821392994, 1.986793821392994, 8.481917508698505, 1.375665695615927, 3.8390300948439853, 1.946511017355943, 1.6158879481277681, 1.5901710389792427, 2.035711917448455, 1.2052931896808317], "35": [1.0799461920071165, 1.0799461920071165, 1.6839186872472294, 1.639257278013778, 2.4157977339681076, 3.383373183803991, 5.892893292689613, 9.252720825806373, 7.874893564252424, 3.450982145660482], "39": [2.0306117850807213, 2.0306117850807213, 3.626355419445387, 1.845823784199787, 4.658275886284779, 4.5149338025922106, 4.642523715473165, 2.8614009384221446, 8.382233450565193, 1.6410494042548374], "43": [4.591604767229175, 4.591604767229175, 1.9764988815382392, 4.766743447314758, 20.31734987188106, 12.351271759194642, 12.259281147296374, 2.6400733824547773, 6.000161664278452, 2.944441651846365], "48": [1.2268337022626654, 1.2268337022626654, 3.655448962948003, 3.5536672777144274, 7.79773907577935, 13.206215021849749, 2.938400321543567, 2.6742274301829783, 5.6661665411213065, 3.5357134865663506], "54": [3.6889123419074314, 3.6889123419074314, 5.088688227866644, 33.689054705338975, 11.514841141139712, 5.339374233664326, 3.7682925448368634, 5.88550299758724, 5.676025438889834, 8.456221298701669], "60": [10.686941193948291, 14.61711807617736, 11.025130020496011, 3.3284510620882926, 17.126663675963332, 9.494501923702014, 5.749780624978599, 8.263053653387635, 32.97658536353426, 13.359365961821947], "67": [7.501030384322278, 7.501030384322278, 12.127353708645426, 13.254431125369315, 13.767100925124494, 14.200302436216777, 16.214412396373827, 10.449188955004411, 16.04817972077678, 21.884669653795257], "74": [7.4095028714460875, 7.4095028714460875, 13.677127683144738, 14.120190011545251, 18.283050467418775, 10.865294692184925, 17.554895663976833, 19.24016422122704, 12.716807240681373, 15.837716679743956], "83": [24.428997248666107, 24.428997248666107, 39.35472385480016, 12.593989322260121, 17.363616352992295, 11.271647451013132, 18.45912604099167, 31.187763712194187, 35.7461604729973, 14.952432148100911], "92": [28.969948024048268, 28.969948024048268, 30.831699712735166, 26.28508291864084, 21.935231909487676, 36.50015084333234, 19.141585037720013, 16.662844125025256, 19.681077510968837, 17.602367963129808], "103": [26.780209290496117, 37.001363667503846, 14.181046030545993, 29.13421796586441, 21.784154940800626, 27.805164015072776, 17.950007387421127, 16.970196545311186, 18.56617055754849, 19.956588261380762], "115": [36.524169870546906, 36.524169870546906, 33.703544133814205, 26.446114781284667, 25.238693468330734, 17.369528814587273, 45.61709929434785, 15.835228792326467, 21.747501230649142, 40.18671963122286], "128": [20.488836472477125, 20.488836472477125, 27.530593949929067, 35.96054947551191, 25.283599827024428, 18.178870804019876, 43.13442831101416, 29.338744310561992, 26.299902768206547, 31.316821601300802], "142": [29.727633300076914, 21.3142046783449, 37.8003802372175, 40.53237113233471, 24.503726188371534, 22.241242047329223, 34.710036280218965, 29.631177468523084, 38.8908833097982, 38.08116804969436], "159": [42.051701663667764, 22.921222005100116, 31.56958726710206, 26.504897147972912, 32.87567260704259, 32.860325304437026, 35.39119767632381, 30.8678490550393, 29.535863834996928, 29.68031799452222], "177": [34.42362347632636, 34.42362347632636, 61.28880162152665, 54.09716218840861, 28.71209597158746, 52.379775251622675, 35.49830566018605, 25.129023676371567, 23.209666566547977, 38.9712718789132], "197": [31.18814043675221, 14.159927575755734, 47.98765003742198, 39.28658359050805, 26.236119083857396, 64.32346186391847, 34.682417668807794, 30.329902206012992, 26.87017409204723, 45.35811867176548], "220": [35.826306290399636, 31.760398347768277, 29.714933947801672, 44.90649089764329, 35.690295996688945, 54.548950698533915, 40.53868995733706, 32.469644834789285, 33.291209865855414, 34.28012388034826], "245": [66.05720668504613, 30.36498718793088, 58.6114292878401, 47.835247430642795, 27.328671572826906, 38.25962107791738, 64.86818082519913, 55.14031500093749, 29.03999439426514, 44.33543848219755], "273": [47.95239618621519, 33.05287496321563, 30.371997076492704, 77.16371023133627, 40.960533697235036, 74.11920137671638, 37.68872239550129, 56.475991447286034, 51.58823869649303, 67.35909540097758],