{"5": [0.1192974213000585, 0.1192974213000585, 0.1192974213000585, 0.1192974213000585, 0.1192974213000585, 0.1192974213000585, 0.1192974213000585, 0.1192974213000585, 0.1192974213000585, 0.1192974213000585, 0.10732410662535873, 0.1192974213000585, 0.1192974213000585, 0.1192974213000585, 0.1192974213000585, 0.1192974213000585, 0.1192974213000585, 0.10732410662535873, 0.1192974213000585, 0.1192974213000585], "6": [0.11859745971629299, 0.11859745971629299, 0.11859745971629299, 0.11859745971629299, 0.11859745971629299, 0.11859745971629299, 0.13875702465171597, 0.13875702465171597, 0.11859745971629299, 0.11859745971629299, 0.11859745971629299, 0.11859745971629299, 0.11859745971629299, 0.11859745971629299, 0.31307511142467886, 0.11859745971629299, 0.11859745971629299, 0.11859745971629299, 0.11859745971629299, 0.21709402422465277], "7": [0.18459707962735336, 0.16487747467559996, 0.18459707962735336, 0.18459707962735336, 0.18459707962735336, 0.18459707962735336, 0.18459707962735336, 0.18459707962735336, 0.16487747467559996, 0.18459707962735336], "8": [0.28689024130861507, 0.28689024130861507, 0.28689024130861507, 0.18020923054193586, 0.28689024130861507, 0.28689024130861507, 0.18020923054193586, 0.18020923054193586, 0.28689024130861507, 0.28689024130861507], "9": [0.2808298137245955, 0.2808298137245955, 0.2808298137245955, 0.2808298137245955, 0.2808298137245955, 0.2808298137245955, 0.2808298137245955, 0.2808298137245955, 0.20513051099173332, 0.2808298137245955], "10": [0.26244244487221435, 0.2904475205234267, 0.22138090419904663, 0.26244244487221435, 0.26244244487221435, 0.26244244487221435, 0.26244244487221435, 0.26784830044784347, 0.26244244487221435, 0.26244244487221435], "11": [0.3656411262089898, 0.324391857155657, 0.3656411262089898, 0.3656411262089898, 0.22834749176051225, 0.324391857155657, 0.3656411262089898, 0.2269166145314426, 0.22834749176051225, 0.324391857155657], "13": [0.31819894804468174, 0.441576728245252, 0.3474270665966831, 0.4087023368532698, 0.441576728245252, 0.6565804275449848, 0.441576728245252, 0.441576728245252, 0.441576728245252, 0.3199750650385685], "14": [0.4402542513097448, 0.32588244001421074, 0.4402542513097448, 0.5734132262180932, 0.5734132262180932, 0.4402542513097448, 0.4402542513097448, 0.3307544294504269, 0.5062460445337085, 0.33464016943482844], "16": [0.409775605650301, 0.2976253359844503, 0.46716292622983074, 0.41441919718181586, 0.3747193896200299, 0.2976253359844503, 0.39675316671797456, 0.46716292622983074, 0.21279045988995435, 0.41441919718181586], "18": [0.42095201045245273, 0.4009225385695037, 0.42095201045245273, 0.32194829348613047, 0.5210170544344935, 0.42095201045245273, 0.3488989950433136, 0.41782467083915154, 0.42095201045245273, 0.42095201045245273], "20": [0.33728343954223644, 0.3831781287545331, 0.3513581021234776, 0.3513581021234776, 0.3513581021234776, 0.3513581021234776, 0.26179452003989373, 0.40692402257353666, 0.48892400548364007, 0.3831781287545331], "22": [0.5015349666294794, 0.4611285020516708, 0.4722750764749899, 0.3352750338679433, 0.37988363492078037, 0.4611285020516708, 0.5065922803130573, 0.40289912739384576, 0.46669472807605616, 0.3352750338679433], "25": [0.3639370734655483, 0.29543146439211077, 0.374890567921999, 0.3293422614089321, 0.425388228582652, 0.3863391150951862, 0.29543146439211077, 0.5177799716158036, 0.49741073251414286, 0.3639370734655483], "28": [0.3376750018124421, 0.5941918693793936, 0.3376750018124421, 0.44003403024193344, 0.21427205433187685, 0.7415924047362162, 0.559853747150102, 0.4317483175955155, 0.6379083390377264, 0.25512378279893566], "31": [0.3792489410129295, 0.8064552044547212, 0.583427321157176, 0.6244165036077266, 0.8064552044547212, 0.8141409452149859, 0.6415189148733961, 0.3151916896791406, 0.5239263182378883, 0.6545906351113531], "35": [0.4662065064724189, 0.6652453824014869, 0.5118560848531549, 0.7096889518406101, 0.7096889518406101, 0.6426733744008459, 0.48092637914365044, 0.4938733877478824, 0.4628515185492105, 0.7402657355545419], "39": [0.44554507057593584, 0.6097743302946806, 0.6545828904403692, 0.5978445436724151, 0.5361069720154947, 0.6771073486951326, 0.5361069720154947, 0.33087001553002926, 0.6545828904403692, 0.5989003439922007], "43": [0.4842557113105602, 0.6149583274699382, 0.5056666089539635, 0.6356105511797516, 0.5991642979498388, 0.4827888556370204, 0.4827888556370204, 0.4842557113105602, 0.4501618199980386, 0.4501618199980386], "48": [0.7257461817930438, 0.5205624489673278, 0.4789700039822199, 0.5527309224604966, 0.42443432994124675, 0.4618695982657741, 0.5205624489673278, 0.583409343113605, 0.5039240933842144, 0.3938976535243986], "54": [0.4987192385822902, 0.45046273798795705, 0.4577317344698102, 0.45046273798795705, 0.3992708362974012, 0.4577317344698102, 0.3960382886520626, 0.4438654484992035, 0.4577317344698102, 0.46277643447982464], "60": [0.5419814890782967, 0.38294303819064796, 0.369080903213821, 0.4573307629046035, 0.5288472551892437, 0.3909557493962747, 0.4286693119045834, 0.44018029050622104, 0.3181102705113359, 0.441863332628289], "67": [0.3701786799071223, 0.4443300016736913, 0.3701786799071223, 0.4117726508758458, 0.37845082759051785, 0.3517552248037354, 0.3234013126566822, 0.3234013126566822, 0.34747381404354466, 0.37845082759051785], "74": [0.378633842946255, 0.48756604202253084, 0.33630640485367036, 0.3919957773786658, 0.3735470278242971, 0.3026213935686184, 0.4044058144290315, 0.36461873279540186, 0.4541344156070975, 0.39034532702660635], "83": [0.46360609436569966, 0.3889325846429472, 0.4195118850072766, 0.41747851998413965, 0.3845379389650263, 0.39842796872316394, 0.39352395021675335, 0.47045111281822266, 0.6980287008558284, 0.5007735506243538], "92": [0.33631402004556554, 0.4344603595474408, 0.38683498755294776, 0.48072854570287693, 0.4638018253792775, 0.45256572697348646, 0.42568520470045246, 0.34794512177731485, 0.43021929552156046, 0.3030580146860994], "103": [0.38870280947497426, 0.3897909364782579, 0.39079676063237956, 0.2734617650197608, 0.3235838128421149, 0.3282966498749851, 0.35593405096889597, 0.4002859574830999, 0.4317731258971465, 0.40455037677601174], "115": [0.36697425321924126, 0.4071391699959244, 0.3862601449066074, 0.3640838545670589, 0.3083844834896771, 0.36708283124491, 0.3949431280928683, 0.46135470799528894, 0.2806242991326564, 0.31469816168652076], "128": [0.32872322670420995, 0.374766744207651, 0.3818877277849891, 0.37216001898973744, 0.43087946388739257, 0.33831646033361934, 0.38303180196399084, 0.40833581813594877, 0.39152725096428503, 0.3417838950686623], "142": [0.3855322567777671, 0.3769966816865182, 0.4385507931463766, 0.3403875872870132, 0.4082638711321123, 0.32193359554199186, 0.4385507931463766, 0.35165636514029713, 0.3531770061895893, 0.47042642668232204], "159": [0.3428482866618988, 0.4003333720254518, 0.40527976234956753, 0.36616991366655927, 0.3699054502281422, 0.3428482866618988, 0.34386928191039984, 0.39296941139351815, 0.3443449586283032, 0.3760225076699889], "177": [0.31409292135739797, 0.3752363003585376, 0.405519693225434, 0.3709088790463228, 0.27066752241878733, 0.3478473644561098, 0.31117182921843123, 0.37251167588931167, 0.3280226014457524, 0.2742756161493187], "197": [0.40940416097431154, 0.3275941521633267, 0.3235453778123918, 0.3191658433092884, 0.30256195899268223, 0.3349379658510177, 0.24317505226393876, 0.2868625851808703, 0.2511363331744983, 0.30205535588841653], "220": [0.24566728922348335, 0.3138719434494993, 0.34611934562668856, 0.31703134046937603, 0.2273980015379465, 0.3644272864314755, 0.3267861956810524, 0.24755899732339412, 0.27128301073219097, 0.28040949692452427], "245": [0.23279525859331002, 0.3379586460070274, 0.30135237923134506, 0.3395117596108503, 0.38901795832995406, 0.2731969531856655, 0.29711136837130675, 0.33127366980795847, 0.36059576111260655, 0.29785232274449375],