{"5": [0.20359122409556682, 0.20359122409556682, 0.20359122409556682, 0.20359122409556682, 0.20359122409556682, 0.20359122409556682, 0.20359122409556682, 0.20359122409556682, 0.20359122409556682, 0.20359122409556682, 0.20359122409556682, 0.20359122409556682, 0.20359122409556682, 0.20359122409556682, 0.20359122409556682, 0.20359122409556682, 0.20359122409556682, 0.20359122409556682, 0.20359122409556682, 0.20359122409556682], "6": [0.1735797645883931, 0.1735797645883931, 0.1735797645883931, 0.1735797645883931, 0.1735797645883931, 0.1735797645883931, 0.1735797645883931, 0.1735797645883931, 0.1735797645883931, 0.1735797645883931, 0.1735797645883931, 0.1735797645883931, 0.1735797645883931, 0.1735797645883931, 0.1735797645883931, 0.1735797645883931, 0.06559415915514047, 0.1735797645883931, 0.1735797645883931, 0.1735797645883931], "7": [0.16134891388539357, 0.16134891388539357, 0.12980203182223457, 0.12980203182223457, 0.16134891388539357, 0.16134891388539357, 0.16134891388539357, 0.16134891388539357, 0.16134891388539357, 0.12870396869241968], "8": [0.1723084631363661, 0.1920635003925765, 0.1920635003925765, 0.1920635003925765, 0.1920635003925765, 0.1920635003925765, 0.1920635003925765, 0.1920635003925765, 0.1920635003925765, 0.1920635003925765], "9": [0.1702292270729528, 0.1702292270729528, 0.1702292270729528, 0.1702292270729528, 0.1702292270729528, 0.1702292270729528, 0.1702292270729528, 0.1702292270729528, 0.1702292270729528, 0.1702292270729528], "10": [0.19299520701514836, 0.19299520701514836, 0.19299520701514836, 0.19299520701514836, 0.19299520701514836, 0.19734030365408903, 0.19299520701514836, 0.14673469208343654, 0.19734030365408903, 0.19299520701514836], "11": [0.18145324945293315, 0.17536643535891494, 0.17536643535891494, 0.17536643535891494, 0.1849916804310599, 0.17536643535891494, 0.1849916804310599, 0.27524510882628617, 0.17207571238454392, 0.1849916804310599], "13": [0.2645791358874739, 0.13432987948034783, 0.13432987948034783, 0.2645791358874739, 0.18811076783112962, 0.2645791358874739, 0.25061742214096505, 0.25061742214096505, 0.13432987948034783, 0.2548099087048677], "14": [0.27063321468821994, 0.27063321468821994, 0.1946964250129069, 0.27063321468821994, 0.3124953523805938, 0.27063321468821994, 0.18929090001120408, 0.27063321468821994, 0.3092446304933971, 0.27063321468821994], "16": [0.22853999907054307, 0.22853999907054307, 0.22912991335664232, 0.22912991335664232, 0.24062790141334356, 0.31982712048551853, 0.26869078521514955, 0.3271285113493326, 0.22853999907054307, 0.3271285113493326], "18": [0.3862028882641455, 0.271463608005063, 0.3862028882641455, 0.271463608005063, 0.271463608005063, 0.2494986013396738, 0.2494986013396738, 0.271463608005063, 0.2494986013396738, 0.2709608260558206], "20": [0.35705297775493966, 0.23876591467945046, 0.23876591467945046, 0.35705297775493966, 0.25731598005826983, 0.33956123848065545, 0.2770884328210457, 0.25731598005826983, 0.25731598005826983, 0.38241498782111916], "22": [0.40969874514061927, 0.2880093954896639, 0.30078517752440515, 0.2880093954896639, 0.30078517752440515, 0.29670264500629356, 0.29670264500629356, 0.40969874514061927, 0.30078517752440515, 0.40969874514061927], "25": [0.28740913368688614, 0.38467961600009754, 0.38467961600009754, 0.27988177535988995, 0.41359660979971496, 0.3064813788783605, 0.3629875940753955, 0.3216457851624638, 0.27988177535988995, 0.41359660979971496], "28": [0.312029354772032, 0.4159063045862607, 0.28767419709668285, 0.312029354772032, 0.4643456748860364, 0.3246437056368468, 0.312029354772032, 0.4143703197007184, 0.3877660826096514, 0.28767419709668285], "31": [0.3510788195400367, 0.3510788195400367, 0.3510788195400367, 0.3606284339587733, 0.3606284339587733, 0.3220825781281094, 0.4098933022441883, 0.34165968886693227, 0.48080078722673675, 0.3617262827564929], "35": [0.43591634273979546, 0.43643278175593503, 0.4176376721361566, 0.42414651772289275, 0.46334156530519727, 0.3668558341510261, 0.3668558341510261, 0.44101629245009893, 0.34109971741075024, 0.49629331823832457], "39": [0.41349272024824174, 0.42267696508068864, 0.4756576351621991, 0.540042907196978, 0.4312785655525929, 0.48166345478515105, 0.42582638052451066, 0.4756576351621991, 0.4724924207533477, 0.42431278844143855], "43": [0.49437126485911803, 0.44124099664286887, 0.4515987438613254, 0.5279947787619029, 0.49904315328745225, 0.4755973727212026, 0.43835152846603087, 0.4816586773222597, 0.4540809766788518, 0.452994847286051], "48": [0.5662918437897023, 0.4661726820842955, 0.4661726820842955, 0.5563551874706008, 0.44918743012756523, 0.47825301403330245, 0.47825301403330245, 0.45886762229725114, 0.4695741066082929, 0.5216228183300116], "54": [0.6148749655802563, 0.4603569981427594, 0.4603569981427594, 0.48648518270136015, 0.48236426941818045, 0.6153021714625484, 0.4818603214660053, 0.5206473694851974, 0.5451622701582295, 0.4818603214660053], "60": [0.6133879864408227, 0.646874737934018, 0.5845170944310275, 0.5864363269141315, 0.575588680464604, 0.5859464075078594, 0.646874737934018, 0.6545968193995787, 0.5846021680547896, 0.7216770542439452], "67": [0.6614888839785239, 0.6454740415941225, 0.6783175095633027, 0.6614888839785239, 0.6548729029867573, 0.6614888839785239, 0.6491380443985766, 0.6538239054335838, 0.6711019220957881, 0.694107699752214], "74": [0.6961450931558382, 0.6918063012128026, 0.6768093646177751, 0.6749761252694723, 0.7847197909556474, 0.6918063012128026, 0.7166323239882297, 0.8328914388152705, 0.7411855896108658, 0.6635799052631774], "83": [0.7214343984613101, 0.7754499675150364, 0.7603087419298727, 0.8097563714186066, 0.7593016660777994, 0.8285420012359761, 0.8521538479499562, 0.8478356497519931, 0.7191812798243292, 0.7330490107055476], "92": [0.8421042372579481, 0.8292371639039875, 0.8614532378120247, 0.8285616951801613, 0.792320682608839, 0.8918512200264863, 0.8694723097373408, 0.8614532378120247, 0.8406214230924544, 0.880570496831904], "103": [0.8892519793701643, 0.8896658331805734, 0.8892519793701643, 0.8479922830853862, 0.8926997567382549, 0.7956353894278425, 0.8409868067748592, 0.8793027330113377, 0.9032722465166354, 0.8415515172406037], "115": [0.8445550613276626, 0.8322199235476159, 0.8075682428126109, 0.8814568647994829, 0.8151911203673002, 0.8873890452844546, 0.8743348351305866, 0.8058870456087922, 0.9211547633713936, 0.8839327815657947], "128": [0.812078408045035, 0.8426980242067753, 0.8700284858093552, 0.830521506875758, 0.8465880913541751, 0.8226930127827794, 0.8657989706849915, 0.8904449262158006, 0.8731299532348855, 0.8731299532348855], "142": [0.7692294785387261, 0.7802416549587179, 0.8332999303914032, 0.8184174605069461, 0.769896377889361, 0.7757328696172544, 0.8085046774701391, 0.7874054835566061, 0.7970833882617759, 0.770581106709477], "159": [0.7679208074703275, 0.7725695970523735, 0.7431826998539444, 0.7651209023236827, 0.5951988800721125, 0.6894994486397301, 0.7651209023236827, 0.8079889256516684, 0.7708681660300953, 0.719751893971987], "177": [0.7043572962678476, 0.7716645036799696, 0.7648774061867506, 0.5688500937617923, 0.7381286192456699, 0.7525458433320622, 0.7104766340596202, 0.7743612556356712, 0.6339941465870695, 0.7119700531224262], "197": [0.6678832440473258, 0.661116034314781, 0.6484899798261378, 0.6239131303011596, 0.6820981946695636, 0.6945309573207552, 0.695367679144309, 0.6487140139904536, 0.6409498238514417, 0.6452734655721402], "220": [0.6940625754553525, 0.7236483744917358, 0.7103301914926551, 0.6646568519834455, 0.6669345801928876, 0.6646568519834455, 0.7137140792710615, 0.7064623839829492, 0.5835306859669974, 0.6988520588198601], "245": [0.5481448013362906, 0.5939358733048673, 0.6413647514806675, 0.6123674166339587, 0.6953025275436805, 0.6906946469203504, 0.610924021092742, 0.6050733994806042, 0.6300276906011867, 0.6560629708791486], "273": [0.6830732450819903, 0.7197801120275745, 0.584469971446667, 0.5985714319914279, 0.6170870704171144, 0.5944472076451159, 0.5625530929682223, 0.6687759441572305, 0.6104322246514969, 0.611840126510007],