{"5": [0.17619932362525592, 0.17619932362525592, 0.17619932362525592, 0.17619932362525592, 0.2782108629235219, 0.14108692975391793, 0.2631497767167374, 2.0282280395208097, 0.07358904585119891, 0.24926228049924834, 0.19717795165194096, 0.9273473260830791, 0.5875651679508932, 0.16644893141487518, 0.22836288643504354, 0.22365553149869144, 0.3623408880596019, 0.2588916681212641, 0.03694492114768576, 0.09899573719844679], "6": [0.1596120716845626, 0.1596120716845626, 0.1596120716845626, 0.1596120716845626, 1.2295733398344668, 0.17710530949197933, 0.24682687248463128, 0.07807644754312783, 1.9882370030246548, 0.06426100055964099, 0.4095277717977239, 0.2004633435965131, 0.5004192283830449, 0.16344020947854987, 0.3109111017792902, 0.1221584364503649, 0.8909188391564311, 0.17064933682003736, 0.19376872574035045, 1.1319407429167974], "7": [0.17835192817044385, 0.17835192817044385, 0.8288390136827358, 0.04221365195084111, 2.060599727459004, 0.5983043164242082, 0.1903665351408024, 0.06376440255146414, 0.3095550534517444, 0.6812051422316564], "8": [0.18720168481900437, 0.18720168481900437, 0.20775209039405126, 0.2785710410144939, 0.03107535980785979, 0.20827602483335134, 0.33397643435237967, 0.9245342233292015, 1.1042587009816174, 0.13864403741891937], "9": [0.5524451623099229, 0.5524451623099229, 0.3470871967871503, 0.19351614850199886, 0.6320214860033501, 0.6451865269828542, 0.40807178972459895, 0.08539035107476474, 1.190099688963846, 0.18367346210391655], "10": [0.5588654632939507, 0.5588654632939507, 0.3343322469348346, 0.5502286391505542, 1.2126305180285741, 0.6112307349975531, 0.3948554670562349, 1.137610885835416, 1.1453420133427832, 0.06218853243594769], "11": [0.8477812846432762, 0.8477812846432762, 0.8602006725729752, 0.5377300562539649, 0.18977393558134167, 0.7992111199158951, 0.36769434361981296, 0.2705667486671971, 0.9040950423249109, 0.371397876003615], "13": [0.6580541233154271, 0.6580541233154271, 0.96724745887368, 0.6526321072523905, 0.2659996933670364, 2.500946577891794, 1.3674056606402294, 0.9563363195223702, 1.7842046197135033, 0.7267516751338496], "14": [1.0100246786641263, 1.0100246786641263, 1.924862116446029, 1.8250763100222462, 1.0158548451925802, 1.9701546252262565, 0.730429834534767, 6.40987865436868, 1.0347906008763048, 0.6213751334253057], "16": [0.5694259320418118, 0.5694259320418118, 1.2522327889728313, 0.2666579923070865, 0.23311279788850175, 4.148348187160152, 2.4300158847312203, 4.32645697358061, 0.4718258438198946, 5.845737101792722], "18": [0.4729612600008468, 0.4729612600008468, 0.39825450336359103, 1.3323075570003702, 1.999691656063086, 2.6485234210694184, 0.6594607338366759, 1.6893007806424793, 1.4227256019247798, 1.2053432075982509], "20": [4.484583680083043, 4.484583680083043, 3.884812664834271, 1.0913694804352254, 1.4347200026002944, 12.126718596663345, 3.132092146579304, 1.5855486342958465, 0.8711973403241813, 1.781903401769005], "22": [1.6543127012514884, 1.6543127012514884, 0.9370804113265586, 9.662768633950192, 1.5734561082936596, 1.9610912064336654, 0.8664381354194852, 2.7969043957757553, 1.546633518745382, 1.1935819166003274], "25": [0.6605032002596088, 0.6605032002596088, 1.787054657940931, 15.530725265202989, 1.2617877804609157, 1.5470690691342863, 1.4398972285417415, 2.241392527493965, 1.4791036589230098, 12.060533010238789], "28": [0.9026772025845766, 0.9026772025845766, 2.744130017810935, 8.824428822329992, 2.4690587715183936, 2.0804875867573966, 37.945783110413316, 3.0867969739673504, 8.750129721693007, 9.220954216244724], "31": [9.538662567466975, 9.538662567466975, 2.0573494964987677, 7.886504391738402, 1.3726723736255704, 2.9650787245052004, 7.855289201732311, 8.486968581640093, 7.94625577051301, 2.715655963125928], "35": [2.310213981444284, 2.310213981444284, 2.2179492126953786, 9.167425540218986, 13.447211843594364, 2.1690544709592525, 6.064199796671855, 4.577852125395156, 3.4682865313018465, 3.394390919746184], "39": [2.099748935586114, 2.099748935586114, 3.990243102004281, 33.60070180768142, 30.858009484484747, 8.363984625649774, 1.3113685263825354, 2.415701092991069, 7.334130379313101, 8.95621191303328], "43": [4.414846477437045, 4.414846477437045, 12.002248099012915, 5.674738963394338, 53.23070335277519, 8.121775654432797, 35.88219283260462, 5.286564446806684, 6.307086467143547, 7.043041160910806], "48": [13.608962671730549, 13.608962671730549, 7.79904969478121, 13.565049992236498, 4.597807361437654, 15.048985744930533, 4.050054029787484, 13.02212074783528, 37.60899860391727, 6.068153176687534], "54": [11.024945879896682, 11.024945879896682, 17.266943133111614, 8.783282282624343, 16.957509343440883, 8.871179024690319, 20.04691060921979, 9.862785689587419, 12.384363686749385, 10.464824558147013], "60": [9.115663579883954, 9.115663579883954, 7.107983272917677, 9.761266757009844, 11.956624952544239, 9.906320107569945, 16.231908983916206, 17.669001890498564, 11.841579799694873, 9.566356087778574], "67": [14.1923742297816, 14.1923742297816, 17.33443199878311, 6.399031113068548, 10.0022644641971, 10.024358206147582, 8.290988715818251, 10.380899767819663, 10.666671640641999, 6.91352959147384], "74": [13.65270868478578, 13.65270868478578, 29.978947571104126, 14.474970908099955, 42.88623440877345, 14.449173996390709, 30.55288570223836, 18.535635704445, 47.44732179631003, 16.057545958699137], "83": [7.216755405002618, 7.216755405002618, 17.45655087412954, 24.746290276788805, 59.673851790816116, 10.617115414296888, 20.523144221440578, 18.143890490106497, 22.547728379770575, 19.53977278901937], "92": [23.337213854529217, 23.337213854529217, 21.909484627629066, 18.389130717710458, 19.109310104651563, 81.83127395588971, 13.812614309381674, 102.3355097780774, 24.356712832500378, 23.401301125879698], "103": [19.208885955971443, 19.208885955971443, 26.92505601535507, 15.479141224105351, 40.960399883550224, 13.557884012054625, 21.067616299183783, 19.697927612277386, 22.09105193338067, 26.91849410841793], "115": [21.51384423394939, 21.51384423394939, 23.429149080597657, 27.37734131491763, 19.423849691204268, 20.168876050603807, 21.79568651794049, 21.788263083969763, 23.075361128056503, 26.755346587465134], "128": [23.74321554130105, 36.269625602421996, 28.96814721788671, 21.98692714991762, 27.365282781748842, 19.206705953546166, 47.08563008309335, 29.18868685714178, 34.65622139916271, 19.491660790988615], "142": [14.737789864650546, 20.533042941250155, 50.03306741689962, 20.8801095037532, 22.088014223538412, 26.273689921061756, 42.80790448590028, 31.5178986965808, 27.994776656781482, 20.54322211941741], "159": [26.57398586201063, 19.787600925342872, 22.972347657381114, 39.89752188056901, 41.77156356139972, 29.401117445666138, 38.73515948067089, 25.14076264999364, 15.065543539396732, 29.31031179209231], "177": [23.708787241742005, 44.90088571994332, 34.24063289540385, 26.87427662503436, 63.65160661134906, 34.310150692266426, 19.543238338653943, 63.816405950137465, 22.8154579064188, 19.967840412687945], "197": [27.98205404395867, 27.725245196635424, 21.908108040932976, 24.0310357359863, 21.486892826492138, 33.877186551896706, 35.13324147669336, 35.83790507145122, 19.295680905834523, 46.82036362504632], "220": [34.854754607432625, 23.812451135048295, 38.02949201078542, 23.51685651538655, 39.60557154834282, 38.414102642638724, 45.63739410863899, 29.318835977561342, 48.283099652254, 27.132894294584286], "245": [18.39116875130092, 31.702987147244574, 62.55782428083206, 35.64617879109649, 41.02785076045062, 41.449194202032686, 27.815125010772228, 31.665862204448445, 35.587062842303986, 42.78748067032314], "273": [51.53617627816233, 46.163720790700054, 40.16293797480756, 35.74453961814598, 48.04252897484195, 30.809845872755588, 47.57678578487957, 21.402959381087157, 36.609513964417395, 35.32624055326943], "304": [56.30968197043719, 37.65949557794979, 44.8262682322061, 29.013878367963088, 24.528813752809953, 27.154595264661456, 31.855565670312643, 67.00659265758436, 32.09992602455421, 31.334486770152726],