{"5": [0.051943282540467914, 0.051943282540467914, 0.051943282540467914, 0.051943282540467914, 0.24541376459961461, 0.010898543693014543, 0.035039035777444216, 0.08805827216508937, 0.05249292337697713, 0.8426479854018717, 0.14077895045113512, 0.11450016215697494, 0.9998611232027677, 0.03430763637460734, 0.3011759564035153, 0.0355748844248267, 0.20998401773932443, 0.7815173290473415, 0.44686078283798, 0.05672444577662817], "6": [0.06204455073493168, 0.06204455073493168, 0.06204455073493168, 0.06204455073493168, 0.08990564941216496, 0.14316881525951114, 0.15186026899960534, 0.4190149714535176, 0.10037769536091141, 0.16876103203599363, 0.10600782044055727, 0.07442406386891853, 0.08065577117909027, 0.41756585331807483, 0.07855521318146198, 0.2718098772734184, 0.12161619573303518, 0.2196174470208384, 0.073137080869232, 0.15214642990917646], "7": [0.31411937371181575, 0.31411937371181575, 1.066323436643116, 0.17290709365878482, 0.17197741433609756, 0.9740483034354216, 0.109988508835567, 0.12849552424703126, 0.5838098880415126, 0.09298010973525167], "8": [0.3665509777286068, 0.3665509777286068, 0.8951741717061901, 0.27749413377520993, 0.10458134344329037, 0.2554709917320534, 0.24878583019110576, 0.08958172539245458, 0.072941398514557, 0.10994601909543528], "9": [0.20076542570149358, 0.20076542570149358, 0.16559570740241403, 0.07760276400169222, 0.4951075305595978, 1.5985808282920053, 0.2652895228997777, 1.3197478288664084, 0.1849719031705982, 0.6622294317152371], "10": [0.4644428354032427, 0.4644428354032427, 0.6036636663469838, 0.24514740640385127, 1.066602117761657, 0.3201614447806634, 0.33489354071662725, 0.29301577997922024, 0.12522765090263815, 0.4425085217189584], "11": [0.882913066543428, 0.882913066543428, 0.14635856069980943, 0.2539106684221441, 0.36086484888530973, 0.4722040857705398, 0.20084370692627374, 0.36294865394804, 1.5977533060345177, 3.2676847210749536], "13": [0.4456778380814645, 0.4456778380814645, 0.26891578808754907, 0.3518202254511056, 0.46670148286461915, 3.1596635393234447, 2.779759064843634, 0.464791422817072, 0.5796734852216656, 0.4877916818305353], "14": [0.536401897096284, 0.536401897096284, 0.25530664450893725, 1.76069648023527, 0.9733119327477912, 0.2322884882255892, 0.3780740387571582, 0.6335877897638149, 0.20662075425781368, 0.8937493091427895], "16": [1.2519433571993177, 1.2519433571993177, 1.3906341353732126, 0.27570920367132795, 0.8054881579363387, 0.5071978643758484, 1.8084957486451876, 0.6344755347035196, 0.19355554615631196, 1.58039367157455], "18": [0.4082925855179264, 0.4082925855179264, 2.1221780958315417, 0.5021734171571955, 0.5005035456520781, 1.9310860835360268, 1.5358891920963844, 5.280334462082107, 1.2959873300854208, 0.3445175449328249], "20": [0.9242644910158546, 0.9242644910158546, 1.3776509041347282, 1.9509869667317394, 0.8227378410036772, 3.065903203456592, 0.5350807871302702, 0.6633249459195061, 1.1079366146452865, 0.5284321333989641], "22": [0.4123559995570057, 0.4123559995570057, 1.011451802838768, 1.9659748861819448, 0.6756345292111576, 2.2433408432250896, 1.5156087580973356, 3.4173639837151355, 0.6235531341404912, 2.1973308507213494], "25": [0.8421205869559871, 0.8421205869559871, 1.3585345868065475, 1.4816190765820167, 7.877332083649553, 1.8828219287612888, 0.8472214567794295, 1.9277004596233822, 0.5404553620282229, 0.9971664715880182], "28": [1.5005780995505327, 1.5005780995505327, 0.5017332203815209, 4.70268951573808, 2.6995625087907236, 1.251663933917588, 3.164418919436001, 2.7836174906191173, 0.44026681781361643, 1.2081043031613294], "31": [1.6634294967291678, 1.6634294967291678, 5.164980111513199, 1.4744568612408313, 5.824452493310047, 0.8985629066426951, 3.610595744519287, 4.4455673582102335, 1.3007657007928688, 3.271287791135577], "35": [5.69371507061918, 5.69371507061918, 1.2328046807850743, 3.1392339305642185, 1.721582176534227, 4.368304231487529, 5.489802022224685, 4.658522935428387, 1.5567605102787831, 11.820008002248084], "39": [2.204262334246869, 2.204262334246869, 1.897829461745424, 2.8932117668865653, 2.9316493338730734, 7.1867353351673895, 1.7764733086246012, 1.8224906224584982, 8.025043484572555, 2.67598032623676], "43": [3.7183801329798314, 3.7183801329798314, 6.512697341274077, 1.4234358653781811, 1.177506396662773, 3.8459427298239515, 11.715925236468811, 29.38180300168624, 0.957258409548911, 1.5435800398155843], "48": [5.426856637684427, 5.426856637684427, 4.8516078907626925, 4.652680625110158, 8.036436744867578, 14.609581010585762, 27.97849534437073, 8.681241474776213, 4.3538320566578275, 16.0898730068763], "54": [4.329467981314436, 4.329467981314436, 5.539984213429498, 4.812341075304146, 3.940117655844933, 1.8567848296009413, 17.305137235102137, 3.76762015138799, 4.724056117297227, 6.083911474701138], "60": [7.06372182805637, 7.06372182805637, 10.285771225464153, 16.43402639407765, 11.90660989982723, 10.116407257325863, 8.845962353610368, 21.129875979434193, 5.198666298266747, 5.231925444090328], "67": [6.555173815513325, 6.555173815513325, 11.522650176861069, 26.056351385869483, 10.112302905550274, 14.051958268406393, 13.597052319496722, 8.88326207738064, 10.011961422046474, 17.541839309189182], "74": [18.726146536762986, 18.726146536762986, 24.8389627045322, 16.17369689743872, 18.762391018422605, 5.9854497131257265, 30.539800289151746, 5.572347119842237, 29.57326380404015, 45.39870177019991], "83": [14.592096708266915, 14.592096708266915, 22.231979525636024, 12.97959195570284, 11.2709048372619, 15.191762138670935, 9.838243198711929, 10.809643750995317, 11.476073115887619, 12.27109630987615], "92": [16.408540355568466, 16.408540355568466, 17.71843913978228, 27.39372569427948, 13.868413725798801, 21.502858898278408, 25.441057370887915, 22.111830818717024, 17.388693621535754, 21.726530640342602], "103": [16.31315673080596, 16.31315673080596, 31.77272321855327, 25.36381042366648, 16.74384275933361, 17.33825817139345, 17.58215711478123, 31.582935890255115, 51.118051654976654, 29.533458937504964], "115": [29.646816970242934, 29.646816970242934, 26.210282684517907, 13.392351255131537, 17.68722716156479, 40.30421090648017, 16.35268353698968, 30.623123091692477, 28.24069882256163, 17.74637513650285], "128": [25.49462727932897, 26.243118137274124, 26.542409396697767, 27.534269836433445, 31.25019656048165, 65.70718805108375, 22.936608981595455, 35.43178996763836, 18.846271091349447, 21.939424797143452], "142": [19.113595462516663, 35.125611771338214, 26.95436322560175, 30.993962832853704, 24.531357134569163, 22.732041566109455, 24.196554284656845, 34.906850059784254, 19.51000451842675, 28.99370502855129], "159": [34.502367468711206, 22.09822908173179, 40.16186547085821, 30.8021841100261, 32.48986488901706, 37.94450892836004, 34.64234554248045, 26.416260367834344, 38.45938070965094, 27.355974528930904], "177": [27.146139682379317, 39.85663586294953, 31.969809859212866, 29.594618956383687, 38.142657264883304, 20.179109927803353, 30.9957706879554, 31.30714477211961, 28.462285230589167, 31.704143920752013], "197": [34.677933205874666, 42.28687500596762, 56.79877175748726, 29.76660217215488, 30.714878877702027, 29.919068659571042, 43.34077648554573, 55.11637521190505, 32.906782995733984, 32.03379141644656], "220": [28.522996299700377, 44.706414248464306, 26.204646856082697, 25.58733230459973, 42.87472609833394, 48.20949308429197, 34.50263836982381, 26.843055343415784, 46.332364726365896, 27.57294272233728], "245": [36.94701921368126, 72.62589375446606, 48.68786204570169, 47.24821921903662, 32.92719972075337, 40.72287289309032, 35.22167254437523, 33.52462322466205, 52.82614125603138, 40.262682187655884], "273": [39.909490348772685, 39.18176833331496, 37.75949336704773, 31.003046933396956, 35.86646596781058, 28.824626673895747, 65.65822558684492, 38.53666080626576, 106.65556191687222, 46.51967261486356],