{"5": [0.6581634484413554, 0.6581634484413554, 0.6581634484413554, 0.6581634484413554, 0.16825490919163064, 0.867458675158863, 34.93495840099991, 0.2969243228695644, 2.6656748766219263, 1.6482051296922453, 40.84413384082014, 0.26386830446572596, 1.2239369518831988, 0.44717360251749005, 0.4603282721116539, 0.8456606724205049, 0.24963938951977277, 1.8367663034988586, 0.17926240271015131, 19.381479804943933], "6": [5.026087638274075, 5.026087638274075, 5.026087638274075, 5.026087638274075, 0.6366149829538353, 0.47688166966491885, 1.7123044792936901, 0.44026125246960013, 1.4310842725872905, 2.329670034722651, 1.419873933137073, 1.1663812617080587, 0.16243755605772792, 0.5188886847680051, 2.7412046753330315, 0.4253645692177946, 3.2831071343751086, 17.063311867017163, 0.5082606277931445, 6.239909673573488], "7": [13.10847555380594, 13.10847555380594, 2.5617468090835405, 6.722188830637264, 5.514131550877397, 0.8931684009356861, 0.7449722438440655, 0.8302938408220415, 6.677512806123822, 1.765429785727631], "8": [14.517008620784006, 14.517008620784006, 0.17159002899937306, 7.883749774004831, 4.314794569678506, 8.618026739766218, 3.9214188797460086, 1.318866524938582, 8.718695319465512, 30.02423960872757], "9": [2.874258684163589, 2.874258684163589, 0.17286676594626862, 7.181880009847638, 1.414354570439129, 6.474020275047464, 2.042544608294101, 1.9601171692661044, 2.13824291588918, 0.7029832639378288], "10": [4.67414943255147, 4.67414943255147, 2.1510457277654638, 11.21871347163918, 11.49578929477645, 2.964078732533599, 9.724184901474295, 3.967717677981797, 4.481032257348179, 29.116334647638077], "11": [6.184983778779553, 6.184983778779553, 1.955999156373012, 4.0500626749915405, 2.418856805004198, 2.5196317774290646, 1.1723469067810337, 0.6567595701900832, 7.846006394703884, 13.269308589317667], "13": [4.5406067401092365, 4.5406067401092365, 9.981222920432957, 10.561047197309387, 6.356632840994494, 18.644263470135673, 6.5582247030744165, 3.328895371810784, 3.390327256991321, 2.172631551327314], "14": [8.377990901628232, 8.377990901628232, 16.736738824282423, 2.7707709825684863, 11.545067785278956, 3.2658815602052043, 8.705876231214276, 3.591865562863677, 4.4939333335512615, 9.031522186225619], "16": [7.206861012928407, 7.206861012928407, 10.998992117450568, 32.74852461667874, 58.49537863587297, 67.44489765521361, 41.75764655923174, 26.595371672719388, 23.448457356398084, 19.577892708120856], "18": [2151.6535390314493, 2151.6535390314493, 21.699416821487162, 133.16842041854997, 64.05512825753793, 167.96182805065826, 51.466897706916846, 192.21966643544616, 128.99469449659713, 23783.35311816979], "20": [46.54885068317796, 46.54885068317796, 3884.5014153772336, 1172.8931827447816, 191.4181087644576, 50.974331879955855, 105.79952472878188, 71.21932158218704, 4.967215828539463, 245.58428198032732], "22": [93.34413397921833, 93.34413397921833, 78.77229157435941, 3352.9531750543388, 11926.169620774486, 821.2408821272719, 150.0604443415149, 751.4228914205556, 10.759655502749425, 31.603709622605805], "25": [61.137809566660515, 61.137809566660515, 46.74321586203107, 429.0436827224735, 305.5881353084385, 42.937332970227935, 148.6253310496838, 90.58543751987257, 1604.413747341306, 74.04099898891086], "28": [41.12938824363995, 41.12938824363995, 70.97618657046192, 1330.2002531738324, 78993.47116847306, 133.34092182765386, 142.4544707106126, 44.640534455708796, 427.526428372375, 172.47240747728938], "31": [5944.303060573887, 5944.303060573887, 179.39062236568793, 53447.385192588205, 59.8444448319166, 81.00890063512514, 10730.87490485863, 601.1972665777777, 79.10030453762131, 460.89895258409604], "35": [491.50173346505034, 491.50173346505034, 8927.854028073407, 1194.6743347522176, 3256.7733802429693, 2214.0260958531317, 372.18258261223576, 504.97603559017307, 20832.321421840945, 400.5548649144211], "39": [42549.44637297064, 42549.44637297064, 3119416.838852246, 28474.909743816388, 76921.4041943906, 54548.010772476744, 39416.621286344314, 8744.450294145861, 1245.8586937314371, 6140.277208693635], "43": [10884.222156164846, 10884.222156164846, 752.5641191389196, 1352.2535560178312, 1324.4538102567083, 8582784.487477496, 59793.76961411246, 7495.863167613459, 4518.217686873988, 6956.696602428647], "48": [25427.91161188856, 25427.91161188856, 50005.907648614775, 5176.921188161399, 28246.52885565369, 2735.203717458663, 9277.699226953519, 25575.112236567493, 226.79036199777573, 65490.21626508651], "54": [168128.51453200448, 168128.51453200448, 133980.21763277272, 1443.6627572426307, 1451.5922443479735, 38014.5907350317, 9834.000183420345, 13077.981163641394, 10919.926877283151, 1773.094157122784], "60": [1089.4507841859313, 1089.4507841859313, 1031.6262892044595, 995.477428151475, 31988793.389692, 1067.4499793997204, 32198787.50290414, 6224.911251450919, 16963.632828059395, 185.8391251173801], "67": [19701.761225903436, 19701.761225903436, 10906.377783598453, 5401390.403257707, 146165.61824953737, 4384.196025836867, 17186.27249840311, 1700725.5709609028, 19366.640533456448, 3140.6417376672807], "74": [14697.036682535976, 14697.036682535976, 11571.02077363398, 10362.823082358578, 3387.3628131524583, 30541.742061736066, 2373.3944767680396, 722.623206127966, 316.58900022058054, 55142.106065556916], "83": [24467.56279767283, 24467.56279767283, 3258.3401649654033, 3675.7062660370143, 1306.6000093595565, 74.34421414054214, 253360.06375996937, 4057.779692205367, 813.8676865911365, 962.8643179556393], "92": [481.1986656411778, 481.1986656411778, 1889.5687715258346, 750.6702281883514, 943.8642177242832, 1332.0066202589983, 196.90857809672218, 1793.7973453640595, 27.195517427912158, 59277.36935413433], "103": [255.66652913420387, 255.66652913420387, 3458.6392255492083, 1864.2595954453664, 293.36579087786316, 4100.642728413982, 1234.4040834891637, 124.35597022648898, 976.6710909038649, 366.082443122441], "115": [175.2119137958903, 175.2119137958903, 106.97970435152658, 288.64866267165917, 10553.471415492812, 3146.7525561169005, 405.5926792611834, 281.1362477952931, 8552.311821883744, 2792.353329002489], "128": [268.3522405479661, 591.2355945479612, 35.67239694078498, 182.30925919498154, 151.78579305729835, 412.8044320477402, 262.491519191119, 325.4273275555794, 312.45266618456316, 424.5321391636928], "142": [44.90689686019372, 419.3012397089922, 755.2914041509543, 229.93812900299002, 272.484598890121, 203.73486898808133, 63.80366734156448, 392.3800261192613, 170.89660531142437, 515.0992791430513], "159": [107.34356730272054, 204.69289246226603, 172.5512151701213, 865.3574784896523, 762.4442337746472, 454.9145476480906, 1154.4834886852548, 23129.121716249298, 41.0156535436921, 85.48979094357162], "177": [270.00231268242993, 55.9790114912299, 115.24646763712593, 488.98832774736616, 2774.3399378525964, 34.41037553383972, 57.60987517411181, 248.79058006081726, 49.359945841614234, 255.16449047789635], "197": [107.50997649020687, 167.15914059400802, 154.6127632519413, 529.6258808335999, 99.63727437486112, 674.8781457040656, 28.533660004800037, 88.22249732835706, 97.0616666399405, 72.31818608038907], "220": [96.15141742368098, 608.0711880027394, 148.33271890452258, 104.76068233161804, 550.9800048511397, 57.99810605086539, 188.53224705478388, 351.2706494623671, 37.79313985860554, 76.06682292860755], "245": [46.62806915152798, 169.23847358387545, 531.9517138023404, 131.695586436001, 321.8517950669715, 66.0053160170074, 134.62998925218685, 270.38492580691707, 61.897479273507926, 136.3299715506259], "273": [78.57297059818573, 774.6250824289407, 230.8906124747561, 76.59914436202894, 74.0969897089918, 31.85318519152927, 40.47230951864863, 40.57362494487063, 117.93197870547694, 57.88782860470824], "304": [296.26542013798985, 78.03297793766613, 22.988267774091174, 90.61453573390794, 70.43548365323885, 71.31351683593721, 58.5239318008201, 61.7964201979428, 88.75648571903962, 86.15665233574407],