{"5": [0.922970488603123, 0.922970488603123, 0.922970488603123, 0.922970488603123, 0.1555568920757569, 0.15171816528585383, 0.16807083408500081, 0.8488160273540776, 0.1875390525725025, 0.5454477558773313, 0.020890154359268647, 0.43237997915284354, 0.11757404399788658, 0.08980818026174374, 0.013199919355713834, 0.5183863359287775, 0.44537584881017045, 1.11260533731041, 0.4035838801310732, 0.6117869970783932], "6": [0.7883964976526475, 0.7883964976526475, 0.7883964976526475, 0.7883964976526475, 0.4853773700338999, 0.12822676419484946, 1.270558122773359, 0.0180113658514762, 0.18367116693877913, 0.15996490071712746, 0.3362521622107254, 0.19568836908269852, 1.4391894806929677, 0.18826583826876372, 0.5485022301239134, 0.22274171894826217, 0.8151391792182229, 1.0564130101486966, 0.1897704750204608, 0.5325920078207298], "7": [0.2117785319276118, 0.2117785319276118, 0.06961598981478712, 0.3385791891322812, 0.18831900493067472, 0.8762689607473159, 0.393737173220566, 3.9370659573842075, 0.05631426516358252, 0.2323117470313495], "8": [0.08737102232005274, 0.08737102232005274, 0.5477799174439232, 0.09151625304616358, 0.2930424324195166, 0.6265666992528027, 0.7612219712274074, 0.9742012397366332, 0.3218861908818107, 3.1258154838404106], "9": [0.6197318892691464, 0.6197318892691464, 0.13977170651233956, 0.28782369379512107, 0.6738447410618613, 1.0766522612366765, 0.4760759709843103, 1.7138133888662788, 1.1138348262373405, 2.2190480543444995], "10": [0.7413316271187037, 0.7413316271187037, 0.5527910289063881, 0.1290954614201584, 0.5786711693669772, 1.36606650201754, 1.2354802653250225, 0.9163512321806104, 0.6193114191194636, 1.2531241290363306], "11": [0.32971685011417157, 0.32971685011417157, 0.5159775863857652, 0.4679869546466161, 0.4442797389169678, 0.5832551621779368, 0.20263975035512324, 0.7865584105333693, 1.0695098605564148, 0.828799921894046], "13": [0.26036632909525315, 0.26036632909525315, 2.200210997485505, 0.2855020530326859, 1.412105558105142, 0.4985476390939993, 0.2550303459105938, 1.521565777742953, 0.8406316376387436, 5.3235287584759945], "14": [0.4017775132133215, 0.4017775132133215, 1.0433564225860834, 0.20127695979802288, 0.9596944170910914, 1.1853423799232585, 0.5996607510576684, 1.2376802724494944, 2.520532271213451, 0.752225071816423], "16": [0.23853091788199698, 0.23853091788199698, 0.9455581953387413, 4.685799066035531, 0.6780597160230222, 0.8054697706864233, 0.9361146589584644, 2.3770495553404016, 1.7163027120155574, 3.289040847217766], "18": [1.4735847089398317, 1.4735847089398317, 3.20821622968349, 0.2961038300424191, 1.4231607455295672, 0.8266602836248541, 1.049728929134437, 1.1582534708972105, 0.5740249450349846, 5.21828592992425], "20": [1.4781696018150967, 1.4781696018150967, 0.8334761256294786, 0.6169073227036314, 1.0618969294020717, 5.704071505780437, 6.4334381646977, 3.629537016640236, 2.1455479048193764, 1.7425873613284903], "22": [1.5332537917435527, 1.5332537917435527, 2.4097052977860396, 1.654923913519438, 0.43472584123337865, 1.1721491508549782, 7.501696454077332, 5.258723749416369, 1.6262890832618278, 0.48584297023228856], "25": [1.139588032158272, 1.139588032158272, 2.2596567788724577, 1.998744482923964, 1.4265401438352807, 14.628893261501467, 1.4127775918701682, 9.642875724710324, 8.407329769441835, 5.876356006763095], "28": [2.905970816721048, 2.905970816721048, 3.9478217566439593, 2.8018494228275497, 7.598190630798054, 47.65451545743785, 1.4711627153382865, 6.493440658212751, 4.695099774315703, 3.040709753641439], "31": [2.115832645531113, 2.115832645531113, 8.397872545274037, 4.324498163423437, 4.559520125780809, 2.817544812184563, 1.2414142784886026, 4.14744259784045, 7.7965539864910625, 3.393903842110199], "35": [3.6398421155057554, 3.6398421155057554, 3.455699347161673, 6.238198819048166, 1.5714849833795892, 4.168374237153465, 4.390604121482608, 4.918496662309174, 2.005949999961515, 1.9533454950610603], "39": [2.7319382417013363, 2.7319382417013363, 9.454980148451092, 1.6357790892413204, 6.197798936566016, 4.421541451678409, 8.445965865516136, 12.949385409978495, 3.7157895292043186, 11.257870870459204], "43": [13.688612024985721, 13.688612024985721, 14.189473570190097, 4.877801385330383, 10.472658229512863, 12.620730846485857, 7.676282965532542, 15.05372848085557, 12.214748572674058, 4.885766736284489], "48": [89.75935868391441, 89.75935868391441, 21.443596024893367, 9.856388799764884, 64.59928210539141, 1.5400407002904195, 7.435095786551864, 35.39381748156126, 4.693883035000673, 4.700711510322736], "54": [5.8245508930270145, 5.8245508930270145, 8.69823960114724, 8.106377185292049, 3.6680411646247593, 29.633537508981984, 78.39268634438353, 8.671183894421803, 15.18899354125653, 3.042098567536436], "60": [8.065235727572958, 8.065235727572958, 41.709993198036216, 14.224402534770197, 10.652084438124751, 11.921316503863427, 9.081061897852921, 16.35920474645993, 13.623173851513048, 10.966299179380604], "67": [24.135000658500726, 24.135000658500726, 30.476185784548548, 15.09980933064334, 28.079490283795025, 12.367617918530065, 7.359179031039413, 34.335065348662354, 24.057275991599255, 10.97291062510601], "74": [16.686626721575372, 16.686626721575372, 20.638528505319673, 20.508499434663847, 25.518527462336333, 13.766320555541876, 17.167524680717417, 40.3592669663417, 14.787724564105309, 16.53572991730152], "83": [13.925043267229867, 13.925043267229867, 33.19748290439223, 12.017392606349238, 14.388133510296235, 84.57963990188729, 24.173745743583265, 15.3377981511601, 7.458486553116237, 16.68120673094826], "92": [16.896370737691292, 16.896370737691292, 13.88353901571282, 14.399935323800841, 40.621309087409465, 24.7545784172414, 19.983891951418826, 28.559284905035025, 13.89209710634669, 11.684064101189387], "103": [10.248779656274266, 10.248779656274266, 17.799147816483334, 21.070052677135514, 26.638710222275268, 13.251366888015777, 32.35217517031821, 35.617933847803926, 23.709539172568874, 22.526837918252486], "115": [24.917866394829954, 24.917866394829954, 27.10634946856733, 11.965929580401863, 12.776846278991682, 10.641869268911199, 34.69129815297244, 48.705152269017916, 24.023126663445137, 26.960659290498935], "128": [18.2535597789057, 11.891224635866685, 28.3199551938715, 23.868492520725837, 35.8016293710849, 21.341928134847898, 104.59930216798367, 21.20728898652079, 11.037669594331568, 35.48490872767937], "142": [10.606562922144208, 55.83792542102469, 23.123708833009108, 19.152473374084863, 28.091608848128153, 14.594164405938361, 39.9200045701774, 19.59044372709602, 16.774043732283005, 17.660437154935433], "159": [27.005535074271812, 43.67843921634404, 30.54773109865547, 21.81946793257473, 55.27386079539416, 45.98402145677951, 15.234604518889732, 24.117362533486254, 29.6655422988358, 37.445963175157324], "177": [19.737578956368292, 51.159609597168995, 39.364799697426974, 31.432102153760194, 39.53644245074274, 36.25189878586234, 26.83975522892588, 55.82927984257005, 30.957734233011383, 31.92716283877308], "197": [28.77266235327806, 55.763222373992974, 44.50891960152736, 27.9561190268196, 44.17091827343522, 31.273711290215292, 36.78828944541155, 65.1096137097036, 28.443937582285308, 44.76912396051294], "220": [34.365202197920105, 29.35310951941018, 23.81836551248538, 35.50406165814931, 59.67119391576518, 55.21919375099966, 56.71659888448105, 18.028441953614326, 22.27485859324351, 63.05956292503616], "245": [37.17348429045343, 32.62088746998986, 30.396815635031167, 39.70169961791759, 32.41735661658139, 41.246902093504524, 18.49439185533526, 47.902797529893796, 28.445443013762628, 28.625605681247315], "273": [25.31369094256822, 19.037769639963855, 29.650723732069295, 18.066057115961417, 32.52203594370513, 38.86965465534332, 50.96769526406813, 33.070364145324746, 32.62701784564192, 46.848061601953425], "304": [28.170827653250296, 55.49628288695217, 33.67831976710426, 38.667502204704135, 49.057401937720535, 32.121705089459645, 47.49442035401743, 31.532444051165026, 82.1966230072455, 23.652941716641],