{"5": [0.6231700895762022, 0.6231700895762022, 0.6231700895762022, 0.6231700895762022, 0.038192224557923364, 2.248201397821331, 4.058210773260388, 3.317521735264559, 6.67085371647076, 7.456445979412401, 21.384804052707285, 8.224817111797353, 2.148823403112519, 7.995265408400846, 0.4428819964656628, 0.5125002993860183, 11.411673344505555, 0.606193052363548, 0.1821138322940071, 6.4977335420112015], "6": [1.7752501389163962, 1.7752501389163962, 1.7752501389163962, 1.7752501389163962, 14.531612073309326, 14.260321288189086, 1.4235080641284008, 6.14677138139652, 1.2695577183055513, 0.20875683357228333, 6.042909252256644, 3.0290163319641685, 11.401820515174558, 3.965644446612183, 0.23921681578621226, 13.236458071541614, 1.4012326603376943, 2.4158944569641365, 1.9980634842057423, 0.5358304524926099], "7": [0.6531470460185997, 0.6531470460185997, 0.8032858753764986, 0.20918898457082682, 6.700208484484611, 5.0520836333312005, 15.962681517855005, 8.73731787573773, 1.8400478200710761, 7.469815860606198], "8": [5.608579461706308, 5.608579461706308, 11.10089310028269, 29.27319716187983, 2.286443609435812, 1.090515799271875, 2.206205850316503, 2.5126327542186657, 10.23412123507909, 1.3418027236132886], "9": [9.297428015299609, 9.297428015299609, 5.952587811804831, 12.056358240754262, 5.124433868147117, 15.392392786137219, 3.3976882806248963, 12.937803502027997, 13.709521652907581, 3.331656033270397], "10": [10.607704076789172, 10.607704076789172, 10.320896192208911, 8.577359822263077, 22.249452386440925, 3.528553207477539, 6.989937131126575, 20.743855402219197, 1.0146030935746644, 5.059551235678738], "11": [12.369191711392068, 12.369191711392068, 2.1223907625044474, 14.307919707458892, 12.800941143491762, 7.041519151986751, 3.0564772463149756, 14.546816898562218, 7.851106620940828, 1.890273342650324], "13": [7.709272244001977, 7.709272244001977, 8.111422892635453, 5.732380595009182, 8.38868041656108, 34.546406079682825, 10.818485730507764, 60.37915877449885, 10.414751188871127, 2.898610018210975], "14": [10.156943381819715, 10.156943381819715, 40.00581801505803, 20.794547507643642, 12.901141106086705, 5.513923652870107, 6.769862039052771, 9.488490062153325, 9.273390056963322, 6.529502625816005], "16": [14.533073286061585, 14.533073286061585, 266.83644982088214, 18.478440377330948, 170.05140759160412, 15725.40453095871, 89.28155265232031, 517.7718340457944, 126.75466004755053, 68.54865450789495], "18": [664.084341962628, 664.084341962628, 95.74835451662959, 16.567511894967467, 418.96617820259513, 13.101838488661471, 75.98698610344904, 58.104486533549554, 284.970040007706, 166.43682635055683], "20": [140.68411503923983, 140.68411503923983, 1223.5904705385544, 294.27427120902814, 176.60166408715114, 211.75051423947912, 97.16131625761875, 117.89890652595653, 28.09674667341761, 7.145303526474703], "22": [2018.8457069254382, 2018.8457069254382, 52.74950531117446, 283.5544882287359, 334.8301921987065, 46.77483726766467, 1738.3030434860207, 127.17725720631825, 219.8261650273532, 175.53910320395988], "25": [389.88767221437496, 389.88767221437496, 78.29925016057511, 1124.2335539360827, 110.07991855552795, 191.50244011052308, 124.02677637346795, 65.82509799476843, 38.424377383854164, 360.9666397970042], "28": [129.32445799757636, 129.32445799757636, 53.51197644091275, 120.14178106872026, 25066.8421745812, 2400.978621191082, 773.8988798511066, 104921.565353729, 142.46101192905044, 121.5015618680859], "31": [1777.8745044045913, 1777.8745044045913, 678.3756427138351, 1821.6413312743991, 405.85156167214353, 242.2825773044234, 11073.8662301025, 27864.342499167822, 965.1539727967786, 84.82361106776273], "35": [68.32891722585528, 68.32891722585528, 3456.421236201843, 3213.6443770947535, 957.5847119485993, 1377.1669681905942, 83.28702429469655, 609.8957060036763, 1545.7463750430866, 551.7398766412629], "39": [577056.9877060598, 577056.9877060598, 2836.085316927249, 1090.314671234606, 101.59653677370994, 293.34424909519953, 526.8193118900236, 516729.28824351187, 1134811.739363726, 403.9946061703849], "43": [3029.1329027343477, 3029.1329027343477, 2785.3443196302487, 12166.159091061065, 13811.68133621702, 21860.549442130447, 7388.851729369278, 1495.8535296633881, 207987.98186169576, 2296.3492077800834], "48": [2911.784529090177, 2911.784529090177, 15689970.90691471, 1174.7237707316997, 10828.33158062825, 573329.2459414437, 11070.851960179083, 126774.03737933324, 875.2817896407704, 186278.56848824405], "54": [1934.9917052166927, 1934.9917052166927, 1575.4844900654123, 5052.838207103382, 9517.084535782154, 1250.3532520953254, 7887.065022501396, 1092.3334324850107, 3531.9729341891116, 11491.916309393711], "60": [288585.1431340237, 288585.1431340237, 11298.171823929004, 1735.592014939845, 1221937432.4655597, 5791.6291105647715, 7519.888734119723, 3915.657175268452, 53008.9282422618, 104204.04011648022], "67": [727.6485244856605, 727.6485244856605, 14184.839383295786, 7900.991963785817, 407.00093624604335, 635.9438647109171, 1162.3583964962681, 2525.5903319071504, 58942.11312648704, 35077.49659482051], "74": [9843.905039009289, 10857.811938199287, 1294.8552529164606, 2709.6638362553854, 250.46090015957412, 662.217781078477, 437.49769630120994, 593.520033239336, 2493.7364569664574, 600845.9363277783], "83": [454.9272279491924, 454.9272279491924, 834.3864953688555, 894.9758770812209, 716.0172616956309, 692.9947598550011, 5574.091904325681, 466.60917716435523, 103.83698815733891, 8544.797097298006], "92": [20933.85085348955, 20933.85085348955, 1251.1369488881096, 3520.7160953344346, 670.1390430706783, 124.86130641380231, 275.3450876319144, 48618.63657300352, 146.0116044552754, 708.2373285335958], "103": [796.2166900145618, 796.2166900145618, 536.1648084942658, 499.4454660261691, 1190.5083057298816, 1437.8442745546492, 195.219505728849, 343.8771777286213, 19.539989720316964, 13154.569417284458], "115": [788.7194058223037, 127.53739950548305, 174.46179678924074, 792.2818906600654, 116.66562383222576, 700.1030181597826, 435.4412374425597, 49.461642391280314, 449.7544342968289, 3456.392750376152], "128": [465.5030806793189, 465.5030806793189, 1455.265532867199, 3139.6703654715157, 450.207523004769, 353.45977874679187, 89.66727749341585, 289.03337689950706, 292.58722565040915, 143.94083936025135], "142": [196.11842123482202, 314.178801209686, 1185.320919761001, 52.187953003833734, 671.261778880738, 43427.76790630035, 111.25276304123273, 50.85451464576515, 54.889490119463225, 629.0725727546346], "159": [229.65588537261596, 89.87845682490233, 187.65837072091122, 111.017927214932, 173.23728415962864, 112.2536911345022, 214.70233078878726, 704.1758688801714, 861.1552642877657, 98.01854989903514], "177": [149.82115578918817, 65.27540364616414, 533.050757272099, 99.25717655836321, 398.95634540686524, 1076.0917176240994, 207.93690673619244, 609.8993025530632, 313.72013368428105, 69.86220803534364], "197": [131.4785463981455, 131.4785463981455, 156.736099835236, 92.72957525451747, 363.16595548311483, 103.03864539744919, 391.59656646079833, 42.396315228981, 87.01774571741336, 23.002614862898362], "220": [35.427841206831296, 583.3521875112343, 32.99700995955954, 226.65470468765733, 88.76943576587755, 58.20829099711322, 69.728183184002, 107.27494330457326, 488.05435959132404, 74.57144975336249], "245": [194.51600222210968, 196.5867596930595, 266.1420572903544, 71.87621588339509, 288.9169742233437, 139.52868248684692, 314.6640998306215, 57.58912472136093, 64.72883516107542, 97.86826546312872], "273": [145.37765598865798, 21.667662711251634, 17.4328934927158, 97.61936978380419, 22.928747576084596, 119.95902399245104, 453.37560201274493, 142.9628949347614, 116.55513304258629, 306.51893904610023], "304": [108.72803827191443, 42.33018174654008, 82.32733692052409, 463.4838418439606, 142.7633437953301, 140.82890133503597, 23.385349357749742, 122.61406804408307, 103.715442725812, 188.47070758424923],