{"5": [0.19762934125688578, 0.19762934125688578, 0.19762934125688578, 0.19762934125688578, 0.19762934125688578, 0.19762934125688578, 0.19762934125688578, 0.19762934125688578, 0.19762934125688578, 0.19762934125688578, 0.19762934125688578, 0.19762934125688578, 0.19762934125688578, 0.19762934125688578, 0.19762934125688578, 0.19762934125688578, 0.19762934125688578, 0.19762934125688578, 0.19762934125688578, 0.19762934125688578], "6": [0.23898314553150737, 0.23898314553150737, 0.23898314553150737, 0.23898314553150737, 0.23898314553150737, 0.20458186881094317, 0.23898314553150737, 0.23898314553150737, 0.23898314553150737, 0.23898314553150737, 0.23898314553150737, 0.23898314553150737, 0.23898314553150737, 0.23898314553150737, 0.23898314553150737, 0.23898314553150737, 0.23898314553150737, 0.23898314553150737, 0.23898314553150737, 0.23898314553150737], "7": [0.1781660739432233, 0.24641171881014098, 0.24641171881014098, 0.24641171881014098, 0.1781660739432233, 0.24641171881014098, 0.24641171881014098, 0.09793761062758673, 0.24641171881014098, 0.24641171881014098], "8": [0.3220214518697103, 0.3220214518697103, 0.3220214518697103, 0.18597351819276614, 0.3220214518697103, 0.3220214518697103, 0.3220214518697103, 0.3220214518697103, 0.18597351819276614, 0.12429395877792264], "9": [0.2793007438778729, 0.2793007438778729, 0.2793007438778729, 0.2793007438778729, 0.2793007438778729, 0.2793007438778729, 0.23296402346346004, 0.23296402346346004, 0.24299197808657547, 0.2793007438778729], "10": [0.23361088672064048, 0.17635336517515263, 0.23361088672064048, 0.23361088672064048, 0.331638487177245, 0.23361088672064048, 0.23361088672064048, 0.23361088672064048, 0.331638487177245, 0.23361088672064048], "11": [0.3436891680017714, 0.28432964341743827, 0.3436891680017714, 0.2268722128440892, 0.3436891680017714, 0.3436891680017714, 0.3436891680017714, 0.3436891680017714, 0.16756798888334434, 0.3436891680017714], "13": [0.27326921035723883, 0.27326921035723883, 0.27326921035723883, 0.2546592013528193, 0.21909312603478978, 0.24274241793979695, 0.2546592013528193, 0.23393668250310587, 0.2546592013528193, 0.2546592013528193], "14": [0.2551798887185661, 0.283676681895937, 0.24975954969244632, 0.19327149575356448, 0.23285187742483246, 0.35972973979956074, 0.2551798887185661, 0.283676681895937, 0.2551798887185661, 0.28136260812717634], "16": [0.2351105529540154, 0.30646323122229147, 0.20773917916928616, 0.20773917916928616, 0.2351105529540154, 0.34215913932622094, 0.2351105529540154, 0.22157868564131863, 0.2351105529540154, 0.2351105529540154], "18": [0.3867072055433674, 0.4280243264613515, 0.4280243264613515, 0.30269451541160197, 0.3808427663828905, 0.28525657503074525, 0.272888588682161, 0.3808427663828905, 0.272888588682161, 0.26048158400042654], "20": [0.28759790425567383, 0.3766520569172004, 0.38024183580444054, 0.3766520569172004, 0.43779878993586985, 0.2742554403283354, 0.2742554403283354, 0.43779878993586985, 0.2870184624332532, 0.3766520569172004], "22": [0.43462568571186255, 0.5067072952090705, 0.4210144764429205, 0.43462568571186255, 0.42024478997640274, 0.3179405600777998, 0.31506863215598135, 0.42024478997640274, 0.31506863215598135, 0.39627798829952554], "25": [0.43443860082731406, 0.37779393041548803, 0.37779393041548803, 0.4687628620906047, 0.37779393041548803, 0.5026790762540424, 0.33016993124009064, 0.41043376104258045, 0.38767154466768505, 0.34419354024213916], "28": [0.6925660922192957, 0.4273153232169538, 0.40650745426160984, 0.44192154618411655, 0.5552520437114044, 0.43479722663632947, 0.4273153232169538, 0.4273153232169538, 0.40650745426160984, 0.6157223518717853], "31": [0.5809865388342884, 0.5809865388342884, 0.45977731491616686, 0.4442615386627227, 0.6061099020638081, 0.4042459296654956, 0.5809865388342884, 0.4442615386627227, 0.4442615386627227, 0.45627587834696953], "35": [0.6073635735031, 0.5516906786703966, 0.4865560500536324, 0.7013690908845058, 0.6336345131023315, 0.5426242261107386, 0.46164892208717967, 0.48006734169423737, 0.5048021501404422, 0.46164892208717967], "39": [0.5727447401442969, 0.49693173112918104, 0.48147589201223034, 0.540596517834689, 0.6039444869202116, 0.540596517834689, 0.48147589201223034, 0.6039444869202116, 0.43330258375455505, 0.5483030244037543], "43": [0.4937672412508089, 0.5264331308318897, 0.6566346720803176, 0.6500150502110299, 0.5224872746830167, 0.4957749792401555, 0.5714720671813079, 0.5145457877073568, 0.3516792081020094, 0.41124158135396904], "48": [0.6369446627961064, 0.579337306893896, 0.5003256304279016, 0.579337306893896, 0.6562107397931767, 0.40663338048087, 0.42540535494732346, 0.4008228729974694, 0.6369446627961064, 0.5003256304279016], "54": [0.4556052468075093, 0.47389976412483426, 0.4556052468075093, 0.5213318485118983, 0.5069920746133068, 0.4312241688195333, 0.5069920746133068, 0.5152910874930576, 0.6476827031128859, 0.565901890414595], "60": [0.5968617911963634, 0.4579322166932461, 0.5968617911963634, 0.6018841523247062, 0.43326608659144006, 0.5968617911963634, 0.43326608659144006, 0.5754716986193874, 0.5223851974257913, 0.6018841523247062], "67": [0.5464584123860928, 0.5152772121877772, 0.5740318115012767, 0.5318572995144071, 0.5740318115012767, 0.4918069242517707, 0.5277695866676763, 0.6004890021343584, 0.5485034192088608, 0.5123216036105955], "74": [0.6155297722936399, 0.5465733338566447, 0.5589522325710548, 0.5079208753568417, 0.5757898756125073, 0.5676655361689587, 0.6452894481110465, 0.5148220490001725, 0.6652672437565712, 0.5329901295988686], "83": [0.6777240339325432, 0.6109981414455774, 0.5248674240368826, 0.5775081885872713, 0.6109981414455774, 0.5341819858530564, 0.6777240339325432, 0.6091151669251157, 0.5352351051171834, 0.5667627821046394], "92": [0.6258833221595126, 0.5733479454730098, 0.6186553490100248, 0.5754944375758734, 0.5447029272329517, 0.5138419690480702, 0.5618870794899766, 0.5618870794899766, 0.6159858304525947, 0.6155366152589979], "103": [0.5711086904713076, 0.6162927654421722, 0.6093003005964777, 0.5798995187542885, 0.602039426855618, 0.6018769036719097, 0.6162927654421722, 0.6014411565604242, 0.588786853546806, 0.5798995187542885], "115": [0.5893536145771668, 0.6197671461037969, 0.5717843572254661, 0.5890409903982824, 0.6335277273938776, 0.6110104785161385, 0.610063695108016, 0.6129278722479468, 0.598611477737344, 0.5672589340163722], "128": [0.5443629936228799, 0.6205295545120675, 0.6096995628730862, 0.6259951727046426, 0.5443629936228799, 0.6062926713888469, 0.5526286073492419, 0.5738963863688343, 0.6667098453059742, 0.6850205240686569], "142": [0.6114790212082906, 0.6750793261176963, 0.6067557184288306, 0.5868784251475868, 0.603700401255265, 0.5455376646870013, 0.6426625620272128, 0.5986466584581094, 0.5455376646870013, 0.6147873489133188], "159": [0.5933405575265467, 0.5762554863994868, 0.5927356843293855, 0.6400837251427177, 0.5720205560294798, 0.5410802789586997, 0.6007430384997601, 0.6158999081702007, 0.580811175786524, 0.6007430384997601], "177": [0.5745984823418153, 0.5728780595393363, 0.5966623583457266, 0.5939804027675885, 0.6071551345370775, 0.5966623583457266, 0.5361400586001364, 0.6106819968716174, 0.5526912497952331, 0.6106819968716174], "197": [0.5250196908239851, 0.601430964556519, 0.5411322119281177, 0.5411322119281177, 0.553217830072111, 0.5411322119281177, 0.4989150532821815, 0.5518817133124704, 0.5709840182462486, 0.5961787247219216], "220": [0.549511713922294, 0.5865805730114166, 0.6272057905940877, 0.5105523088898841, 0.6014048269016901, 0.54698853799433, 0.5076183126083635, 0.569323518346898, 0.559077965764938, 0.5323376400410523], "245": [0.5000213154071704, 0.5205839485579336, 0.5252278415653711, 0.41177365098090307, 0.45304943258822794, 0.5069794916176202, 0.5363858097825007, 0.5723584337212873, 0.5603828685085724, 0.5396845799942658], "273": [0.5060338888597723, 0.4969800756337521, 0.5148719026655519, 0.3931802770268725, 0.39384577304367435, 0.38513752184313466, 0.4376011651870437, 0.43333030889735086, 0.42582942754499725, 0.40424030535521077],